{
    "score": [
        0.0,
        0.035499999206513165
    ],
    "rewards": [
        [
            0.0,
            0.0
        ],
        [
            2.7187499654246494e-05,
            0.0009988483507186174
        ]
    ],
    "actor_loss": [
        [
            0.002606164263067781,
            0.0017344346709446399
        ],
        [
            0.0016854723378201015,
            0.0007519571583987274
        ]
    ],
    "critic_loss": [
        [
            0.00018139046417180922,
            4.084193663806191e-05
        ],
        [
            8.192221174249426e-05,
            2.0479456359161755e-05
        ]
    ]
}